Métrica,Valor
Precisión,0.5463013698630137
Recall,0.8543273350471294
F1-Score,0.6664438502673797
