archivo,precision,recall,f1_score
clasificacion_delta_huma-E.csv,0.866721177432543,0.908311910882605,0.8870292887029289
clasificacion_delta_huma-F.csv,0.8386437908496732,0.8796058269065982,0.8586365537432037
clasificacion_delta_huma-B.csv,0.8928709055876686,0.9927163667523564,0.9401501318725908
clasificacion_delta_huma-A.csv,0.9079704190632704,0.9468723221936589,0.927013422818792
clasificacion_delta_huma-D.csv,0.8427057864710676,0.8860325621251071,0.8638262322472848
clasificacion_delta_huma-C.csv,0.883177570093458,0.6478149100257069,0.7474048442906575
